{
  "normal": [
    0.0007821352723909948,
    -0.003178148841799738,
    0.9999946438028331
  ],
  "offset": -0.0008500230707103844,
  "rms_error_mm": 0.0026001321854244243,
  "num_points": 11565,
  "good_images": 23
}