{
  "exposure": -6,
  "gain": 0,
  "threshold": 150,
  "roi_frac": [
    0.36000000000000004,
    0.5199999999999998,
    0.42000000000000004,
    0.8499999999999999
  ]
}