{
  "exposure": -6,
  "gain": 0,
  "threshold": 150,
  "roi_frac": [
    0.48000000000000015,
    0.5999999999999999,
    0.6600000000000003,
    1.0
  ]
}